trial,f1_macro,learning_rate,batch_size,weight_decay,epochs,accuracy,precision,recall,train_time
0,0.686318040786818,,,,,0.6880610412926391,0.7115015274733684,0.6769813462360047,483.9888367652893
1,0.6915982710100357,,,,,0.6903052064631957,0.6973781094919236,0.6877184045921106,331.62833547592163
2,0.6883864658141992,,,,,0.6869389587073609,0.6950409679078513,0.6840572968937358,502.55848479270935
3,0.689152955641206,,,,,0.6918761220825853,0.7205073195980419,0.6792615596963424,342.9817600250244
4,0.6851706730005169,,,,,0.6831238779174147,0.6912604790087081,0.6810644113956744,721.704442024231
5,0.6898113084926939,,,,,0.6882854578096947,0.6919734340145581,0.6881810199615582,499.1627187728882
6,0.6874641641377398,,,,,0.6864901256732495,0.6966382328756401,0.6821416352989852,754.5509743690491
7,0.6908388799360564,,,,,0.6896319569120287,0.6939495532753553,0.6887404348584473,513.0888431072235
