trial,f1_macro,learning_rate,batch_size,weight_decay,epochs,accuracy,precision,recall,train_time
0,0.6934212564921293,2.8188664052384835e-05,8,0.005808361216819946,4,0.6918761220825853,0.6986263811225434,0.6899032931641628,996.3858275413513
1,0.6942237582250611,3.469266868719914e-05,16,0.018182496720710064,2,0.6925493716337523,0.7019804496042014,0.6893657871918742,340.43456745147705
2,0.6896256738801562,2.6430182166924245e-05,24,0.029214464853521818,3,0.6882854578096947,0.6935250953202146,0.6868471035137702,427.2502202987671
3,0.692133038590431,3.037515404772984e-05,8,0.06075448519014384,2,0.6909784560143627,0.6996057528551446,0.6874629760240527,495.95237922668457
4,0.689343887800082,2.1228368952944975e-05,12,0.0684233026512157,3,0.6918761220825853,0.7183292472146255,0.6799769703496411,566.8290259838104
5,0.6897974939572982,2.2366286923412623e-05,16,0.031171107608941095,3,0.6923249551166966,0.7232313856108981,0.6793160160137385,511.8646671772003
6,0.686264883533798,3.300561952272884e-05,12,0.05978999788110852,4,0.6855924596050269,0.6927798134262755,0.6824317178872045,751.9511222839355
7,0.6919773122878455,2.1689258392227166e-05,24,0.08287375091519295,3,0.690754039497307,0.697885863729662,0.6880763205814966,423.84139037132263
