strategy,f1_macro_val,f1_macro_test,accuracy_val,accuracy_test,best_params
grid,0.6908388799360564,0.6744353847595018,0.6896319569120287,0.6733690795352993,{}
random,0.6899978260633596,0.6775514161384469,0.6885098743267505,0.676496872207328,"{'learning_rate': 3.469266868719914e-05, 'per_device_train_batch_size': 16, 'weight_decay': 0.018182496720710064, 'num_train_epochs': 2}"
