Model,Accuracy,Precision,Recall,F1-macro
Baseline (TF-IDF + LogReg),0.613941018766756,0.6362284635583348,0.601451369500907,0.6099715045296107
BERT-base-uncased,0.6592940125111707,0.6720691044088749,0.6561853404122759,0.6616507321288783
